x	y	clusters
9.80	10.13	Cluster1
10.35	9.77	Cluster1
10.10	9.99	Cluster1
9.73	9.91	Cluster1
9.75	10.43	Cluster1
9.84	9.90	Cluster1
10.24	9.87	Cluster1
9.53	9.86	Cluster1
10.15	9.82	Cluster1
9.34	10.46	Cluster1
9.38	10.21	Cluster1
9.71	10.26	Cluster1
9.64	10.21	Cluster1
9.52	9.96	Cluster1
10.24	9.91	Cluster1
9.40	10.09	Cluster1
10.20	9.75	Cluster1
10.14	9.83	Cluster1
10.06	10.26	Cluster1
10.39	9.98	Cluster1
10.28	10.35	Cluster1
9.71	9.98	Cluster1
9.91	10.59	Cluster1
10.36	9.20	Cluster1
9.95	9.70	Cluster1
9.80	10.38	Cluster1
10.39	10.61	Cluster1
10.41	9.91	Cluster1
10.17	10.60	Cluster1
10.29	9.71	Cluster1
9.93	10.23	Cluster1
10.30	9.95	Cluster1
10.35	9.93	Cluster1
9.85	10.33	Cluster1
10.51	10.50	Cluster1
9.94	9.93	Cluster1
9.92	10.02	Cluster1
9.91	10.61	Cluster1
10.18	9.99	Cluster1
10.26	9.25	Cluster1
12.04	10.03	Cluster1
12.08	10.04	Cluster1
12.40	10.16	Cluster1
11.99	9.93	Cluster1
12.34	9.92	Cluster1
12.23	9.98	Cluster1
12.35	10.49	Cluster1
12.04	9.36	Cluster1
11.74	10.12	Cluster1
12.35	9.80	Cluster1
11.25	10.12	Cluster1
12.28	10.99	Cluster1
12.37	10.02	Cluster1
12.53	10.00	Cluster1
12.27	9.79	Cluster1
12.36	10.18	Cluster1
12.46	10.18	Cluster1
11.95	9.68	Cluster1
11.77	9.92	Cluster1
11.50	10.01	Cluster1
12.13	9.48	Cluster1
11.63	10.29	Cluster1
12.06	9.62	Cluster1
11.91	9.82	Cluster1
11.74	10.29	Cluster1
12.11	10.90	Cluster1
11.59	9.71	Cluster1
12.65	9.81	Cluster1
12.16	11.02	Cluster1
12.22	9.80	Cluster1
11.85	9.63	Cluster1
11.81	10.06	Cluster1
12.10	9.85	Cluster1
11.59	10.08	Cluster1
12.25	9.94	Cluster1
12.00	9.68	Cluster1
11.89	10.01	Cluster1
12.27	9.94	Cluster1
12.18	10.36	Cluster1
12.10	10.39	Cluster1
11.37	11.47	Cluster1
10.94	11.48	Cluster1
11.08	11.55	Cluster1
11.23	11.37	Cluster1
11.22	11.64	Cluster1
10.96	11.75	Cluster1
11.01	11.75	Cluster1
11.52	10.98	Cluster1
11.01	11.36	Cluster1
11.20	11.06	Cluster1
11.63	11.89	Cluster1
11.23	11.73	Cluster1
11.14	11.91	Cluster1
11.11	11.87	Cluster1
11.53	11.92	Cluster1
11.21	11.11	Cluster1
10.75	11.70	Cluster1
11.15	11.69	Cluster1
11.41	11.92	Cluster1
10.95	11.53	Cluster1
10.99	12.30	Cluster1
10.96	11.39	Cluster1
11.66	11.35	Cluster1
11.18	12.06	Cluster1
11.37	11.56	Cluster1
11.26	11.72	Cluster1
11.55	11.58	Cluster1
10.97	11.11	Cluster1
11.12	11.63	Cluster1
11.51	12.05	Cluster1
10.95	11.40	Cluster1
11.86	12.41	Cluster1
11.20	10.85	Cluster1
11.65	11.50	Cluster1
11.25	11.72	Cluster1
11.60	11.89	Cluster1
11.42	11.45	Cluster1
11.31	11.72	Cluster1
10.74	11.68	Cluster1
11.56	11.80	Cluster1
10.03	12.27	Cluster1
9.28	11.98	Cluster1
9.18	11.53	Cluster1
9.95	12.40	Cluster1
9.62	11.56	Cluster1
9.91	11.84	Cluster1
9.07	11.09	Cluster1
10.58	11.35	Cluster1
9.58	12.14	Cluster1
9.62	11.53	Cluster1
9.35	11.71	Cluster1
10.23	11.97	Cluster1
8.99	12.31	Cluster1
9.44	12.11	Cluster1
9.59	12.01	Cluster1
9.67	11.88	Cluster1
9.36	12.01	Cluster1
9.71	11.77	Cluster1
9.99	11.84	Cluster1
9.92	12.03	Cluster1
9.38	12.23	Cluster1
9.81	12.23	Cluster1
9.27	12.15	Cluster1
9.39	11.18	Cluster1
9.28	11.98	Cluster1
9.85	11.63	Cluster1
9.32	11.51	Cluster1
9.72	11.95	Cluster1
9.12	11.76	Cluster1
8.98	12.37	Cluster1
10.07	12.20	Cluster1
9.97	11.82	Cluster1
9.51	11.65	Cluster1
9.70	11.54	Cluster1
9.45	11.96	Cluster1
9.92	11.96	Cluster1
9.96	11.54	Cluster1
9.01	11.74	Cluster1
9.02	11.85	Cluster1
10.30	11.61	Cluster1
7.87	10.84	Cluster1
8.16	10.53	Cluster1
8.21	10.62	Cluster1
8.17	10.70	Cluster1
8.05	10.75	Cluster1
7.98	11.13	Cluster1
8.08	10.99	Cluster1
8.47	11.08	Cluster1
8.49	10.58	Cluster1
8.35	10.38	Cluster1
8.10	10.71	Cluster1
7.88	10.83	Cluster1
7.91	11.35	Cluster1
7.81	10.87	Cluster1
8.28	10.10	Cluster1
8.08	10.68	Cluster1
8.07	10.12	Cluster1
8.12	10.70	Cluster1
8.04	10.79	Cluster1
8.10	10.88	Cluster1
8.12	10.93	Cluster1
8.63	11.12	Cluster1
8.27	10.72	Cluster1
7.62	10.15	Cluster1
8.20	11.40	Cluster1
8.58	11.06	Cluster1
7.94	11.08	Cluster1
8.00	10.57	Cluster1
8.50	11.38	Cluster1
8.12	11.01	Cluster1
7.87	11.30	Cluster1
7.67	10.92	Cluster1
7.97	10.72	Cluster1
7.94	11.00	Cluster1
7.99	11.23	Cluster1
8.16	11.11	Cluster1
8.39	10.77	Cluster1
8.25	10.99	Cluster1
8.29	10.73	Cluster1
8.22	10.32	Cluster1
7.98	9.58	Cluster1
7.88	8.80	Cluster1
8.17	9.01	Cluster1
8.07	9.20	Cluster1
8.42	8.65	Cluster1
8.71	8.46	Cluster1
8.06	8.43	Cluster1
7.30	9.27	Cluster1
8.12	8.61	Cluster1
7.62	9.45	Cluster1
8.09	8.96	Cluster1
8.37	8.97	Cluster1
8.02	9.33	Cluster1
8.32	9.06	Cluster1
7.83	8.95	Cluster1
7.70	8.67	Cluster1
8.24	9.11	Cluster1
8.37	8.90	Cluster1
8.35	8.90	Cluster1
8.05	9.23	Cluster1
7.71	9.54	Cluster1
8.53	8.55	Cluster1
8.00	9.17	Cluster1
8.05	9.20	Cluster1
8.62	9.17	Cluster1
7.78	8.90	Cluster1
8.23	9.04	Cluster1
7.90	9.19	Cluster1
7.87	8.86	Cluster1
7.99	8.95	Cluster1
8.26	9.47	Cluster1
8.09	9.29	Cluster1
8.03	9.79	Cluster1
8.35	9.02	Cluster1
7.85	9.33	Cluster1
8.40	9.37	Cluster1
7.89	8.81	Cluster1
8.20	9.23	Cluster1
7.67	9.03	Cluster1
8.24	9.31	Cluster1
9.43	8.61	Cluster1
10.07	8.19	Cluster1
9.15	8.04	Cluster1
9.66	7.87	Cluster1
9.60	7.87	Cluster1
8.62	8.55	Cluster1
9.33	7.66	Cluster1
9.42	7.83	Cluster1
8.89	8.17	Cluster1
9.39	7.75	Cluster1
9.88	8.05	Cluster1
9.56	7.95	Cluster1
9.22	8.00	Cluster1
9.52	8.28	Cluster1
9.76	7.93	Cluster1
9.57	8.05	Cluster1
9.74	7.55	Cluster1
9.58	8.48	Cluster1
9.36	8.24	Cluster1
9.40	7.79	Cluster1
9.46	8.54	Cluster1
9.48	7.77	Cluster1
8.84	8.02	Cluster1
9.29	8.47	Cluster1
9.27	7.57	Cluster1
9.11	8.01	Cluster1
9.54	7.69	Cluster1
9.43	8.12	Cluster1
9.79	8.07	Cluster1
9.38	7.66	Cluster1
9.40	8.23	Cluster1
9.15	8.16	Cluster1
9.62	8.00	Cluster1
10.29	7.89	Cluster1
9.43	7.68	Cluster1
9.44	8.06	Cluster1
9.79	7.68	Cluster1
9.59	7.91	Cluster1
9.69	7.45	Cluster1
9.58	7.87	Cluster1
11.44	8.69	Cluster1
11.47	8.56	Cluster1
10.67	8.94	Cluster1
11.23	8.13	Cluster1
11.61	8.59	Cluster1
11.59	8.50	Cluster1
11.54	7.59	Cluster1
11.64	8.27	Cluster1
11.16	8.43	Cluster1
10.90	8.53	Cluster1
11.28	8.74	Cluster1
11.25	8.19	Cluster1
10.84	8.22	Cluster1
11.80	8.84	Cluster1
11.51	8.09	Cluster1
10.93	7.80	Cluster1
11.40	8.21	Cluster1
11.09	8.33	Cluster1
11.33	8.17	Cluster1
11.27	8.39	Cluster1
11.59	8.41	Cluster1
11.21	8.52	Cluster1
11.57	8.02	Cluster1
11.25	8.58	Cluster1
11.25	8.57	Cluster1
10.78	8.29	Cluster1
11.04	8.32	Cluster1
11.20	7.89	Cluster1
11.17	8.26	Cluster1
11.88	8.08	Cluster1
11.36	8.59	Cluster1
11.18	8.34	Cluster1
10.84	8.66	Cluster1
11.70	8.91	Cluster1
11.28	8.28	Cluster1
10.72	8.53	Cluster1
10.44	8.68	Cluster1
11.12	8.62	Cluster1
11.39	8.94	Cluster1
11.21	8.31	Cluster1
16.67	9.64	Cluster2
16.16	10.30	Cluster2
16.61	10.22	Cluster2
16.10	9.70	Cluster2
16.40	10.07	Cluster2
15.93	10.11	Cluster2
16.13	9.89	Cluster2
16.41	10.19	Cluster2
15.98	9.92	Cluster2
16.22	10.02	Cluster2
16.30	9.46	Cluster2
16.59	10.17	Cluster2
16.31	10.72	Cluster2
16.28	9.45	Cluster2
16.62	9.65	Cluster2
16.22	9.49	Cluster2
16.63	10.16	Cluster2
16.98	10.60	Cluster2
16.27	10.13	Cluster2
16.20	9.70	Cluster2
16.53	9.78	Cluster2
17.12	9.73	Cluster2
16.47	9.70	Cluster2
16.00	10.28	Cluster2
16.37	9.80	Cluster2
16.27	9.52	Cluster2
16.13	9.75	Cluster2
16.67	10.50	Cluster2
16.49	10.54	Cluster2
16.57	10.21	Cluster2
16.46	10.11	Cluster2
16.48	9.99	Cluster2
16.58	9.75	Cluster2
16.10	9.93	Cluster2
16.23	9.67	Cluster2
16.45	9.57	Cluster2
16.57	9.62	Cluster2
16.44	9.41	Cluster2
16.50	9.98	Cluster2
16.42	9.97	Cluster2
14.36	14.64	Cluster3
14.14	14.63	Cluster3
14.06	15.07	Cluster3
13.69	14.96	Cluster3
14.24	15.30	Cluster3
13.73	15.13	Cluster3
13.95	14.87	Cluster3
13.99	14.77	Cluster3
13.92	15.00	Cluster3
13.87	14.95	Cluster3
14.17	15.28	Cluster3
14.28	15.15	Cluster3
14.10	14.90	Cluster3
13.76	15.21	Cluster3
13.95	14.22	Cluster3
14.13	14.84	Cluster3
13.36	14.93	Cluster3
13.55	14.84	Cluster3
14.13	15.11	Cluster3
13.82	14.60	Cluster3
14.39	14.69	Cluster3
13.79	14.73	Cluster3
14.20	14.82	Cluster3
13.86	15.21	Cluster3
14.07	14.38	Cluster3
13.68	14.99	Cluster3
14.20	14.98	Cluster3
13.39	15.39	Cluster3
13.71	15.05	Cluster3
14.11	15.37	Cluster3
14.40	15.04	Cluster3
14.19	15.04	Cluster3
13.89	15.44	Cluster3
13.96	15.32	Cluster3
13.92	14.80	Cluster3
13.65	14.60	Cluster3
14.29	15.00	Cluster3
13.81	14.53	Cluster3
13.41	15.34	Cluster3
13.83	14.78	Cluster3
8.83	16.47	Cluster4
8.33	16.49	Cluster4
8.47	16.38	Cluster4
8.90	15.85	Cluster4
8.66	16.35	Cluster4
8.68	16.78	Cluster4
8.33	16.07	Cluster4
8.90	16.40	Cluster4
8.78	16.49	Cluster4
8.81	16.46	Cluster4
8.40	16.58	Cluster4
8.54	15.92	Cluster4
9.06	16.46	Cluster4
9.15	16.09	Cluster4
8.61	15.91	Cluster4
8.57	17.01	Cluster4
8.12	16.11	Cluster4
8.84	16.03	Cluster4
8.40	16.28	Cluster4
8.81	15.59	Cluster4
8.50	16.17	Cluster4
8.94	16.19	Cluster4
8.38	16.11	Cluster4
8.52	15.84	Cluster4
8.88	16.00	Cluster4
8.58	16.77	Cluster4
8.25	16.15	Cluster4
8.59	16.24	Cluster4
8.71	16.37	Cluster4
8.52	16.39	Cluster4
8.46	16.45	Cluster4
8.83	16.36	Cluster4
8.62	16.11	Cluster4
8.84	16.36	Cluster4
8.47	15.93	Cluster4
8.62	16.67	Cluster4
8.97	16.53	Cluster4
8.83	16.08	Cluster4
8.10	15.96	Cluster4
8.39	16.24	Cluster4
4.58	12.88	Cluster5
4.46	13.16	Cluster5
3.63	12.86	Cluster5
4.24	12.51	Cluster5
4.35	13.27	Cluster5
3.79	12.37	Cluster5
4.19	12.77	Cluster5
3.86	12.71	Cluster5
3.98	13.31	Cluster5
4.34	12.85	Cluster5
4.22	13.03	Cluster5
4.25	13.00	Cluster5
4.33	13.06	Cluster5
4.65	12.57	Cluster5
4.38	12.79	Cluster5
3.97	13.02	Cluster5
4.61	12.53	Cluster5
3.95	12.67	Cluster5
4.04	12.67	Cluster5
4.43	12.24	Cluster5
4.07	12.51	Cluster5
4.25	12.39	Cluster5
4.61	12.95	Cluster5
4.33	12.99	Cluster5
4.50	12.52	Cluster5
4.18	12.71	Cluster5
4.49	12.46	Cluster5
4.13	12.83	Cluster5
4.32	12.76	Cluster5
4.45	12.08	Cluster5
4.05	12.93	Cluster5
4.26	13.12	Cluster5
4.06	13.72	Cluster5
4.24	12.63	Cluster5
3.84	12.23	Cluster5
4.13	13.40	Cluster5
3.76	12.38	Cluster5
4.42	13.19	Cluster5
4.23	12.99	Cluster5
5.13	13.30	Cluster5
3.90	6.74	Cluster6
3.99	7.21	Cluster6
4.28	7.22	Cluster6
4.17	6.85	Cluster6
3.88	6.89	Cluster6
3.94	6.99	Cluster6
4.16	6.87	Cluster6
3.76	7.10	Cluster6
4.26	7.61	Cluster6
4.55	6.82	Cluster6
4.06	6.98	Cluster6
4.03	7.23	Cluster6
4.36	7.18	Cluster6
4.29	7.21	Cluster6
4.29	6.91	Cluster6
4.02	7.06	Cluster6
4.07	7.10	Cluster6
4.55	7.65	Cluster6
4.40	7.08	Cluster6
3.69	7.49	Cluster6
4.89	7.19	Cluster6
4.46	7.15	Cluster6
4.73	7.15	Cluster6
4.09	7.21	Cluster6
4.50	6.93	Cluster6
3.40	7.43	Cluster6
4.25	6.69	Cluster6
4.17	7.26	Cluster6
4.85	6.83	Cluster6
4.40	7.43	Cluster6
5.02	7.05	Cluster6
4.25	6.76	Cluster6
3.74	7.08	Cluster6
4.25	7.26	Cluster6
4.12	7.24	Cluster6
3.88	7.23	Cluster6
4.55	7.29	Cluster6
4.03	7.13	Cluster6
4.41	7.02	Cluster6
4.28	7.24	Cluster6
8.38	3.79	Cluster7
8.81	3.86	Cluster7
8.22	3.55	Cluster7
8.37	3.75	Cluster7
8.10	4.30	Cluster7
8.39	3.95	Cluster7
8.86	3.27	Cluster7
8.88	3.50	Cluster7
8.29	3.38	Cluster7
8.38	3.18	Cluster7
8.74	4.29	Cluster7
9.10	3.84	Cluster7
9.09	3.60	Cluster7
8.62	3.45	Cluster7
8.62	3.70	Cluster7
8.63	3.82	Cluster7
8.29	3.70	Cluster7
8.82	3.58	Cluster7
8.72	3.85	Cluster7
8.30	3.38	Cluster7
9.01	4.03	Cluster7
8.87	3.55	Cluster7
8.56	3.66	Cluster7
8.60	3.83	Cluster7
8.94	3.84	Cluster7
8.77	4.32	Cluster7
8.84	3.93	Cluster7
8.29	3.47	Cluster7
8.65	3.78	Cluster7
8.38	3.96	Cluster7
7.72	3.41	Cluster7
8.37	4.14	Cluster7
8.60	3.71	Cluster7
9.03	3.79	Cluster7
8.53	3.25	Cluster7
8.87	3.60	Cluster7
8.80	3.89	Cluster7
8.59	3.99	Cluster7
8.98	4.01	Cluster7
8.56	3.86	Cluster7
13.89	4.16	Cluster8
14.28	5.26	Cluster8
14.36	4.75	Cluster8
14.11	4.92	Cluster8
14.00	5.50	Cluster8
14.40	5.30	Cluster8
14.30	5.37	Cluster8
13.96	5.35	Cluster8
13.84	4.98	Cluster8
13.85	4.25	Cluster8
13.98	5.36	Cluster8
14.37	5.10	Cluster8
14.27	4.94	Cluster8
14.34	5.18	Cluster8
14.74	5.25	Cluster8
14.31	5.06	Cluster8
13.99	5.05	Cluster8
14.44	5.33	Cluster8
14.00	4.92	Cluster8
13.33	4.59	Cluster8
14.22	5.54	Cluster8
14.15	4.77	Cluster8
13.47	4.92	Cluster8
13.67	5.41	Cluster8
13.66	5.02	Cluster8
14.12	4.87	Cluster8
13.84	4.51	Cluster8
14.20	5.06	Cluster8
14.00	5.23	Cluster8
13.27	4.86	Cluster8
13.67	5.34	Cluster8
14.53	4.81	Cluster8
14.32	4.59	Cluster8
14.02	5.18	Cluster8
14.37	4.88	Cluster8
14.20	4.80	Cluster8
14.32	4.59	Cluster8
13.64	5.22	Cluster8
14.41	4.66	Cluster8
14.02	5.61	Cluster8
1.85	30.80	Cluster0
1.35	29.65	Cluster0
1.40	26.25	Cluster4
0.85	26.05	Cluster4
0.50	25.35	Cluster4
0.65	24.35	Cluster4
1.10	25.05	Cluster4
1.35	25.65	Cluster4
1.95	25.80	Cluster4
2.40	25.45	Cluster4
1.80	25.00	Cluster4
2.50	24.85	Cluster4
2.95	24.40	Cluster4
1.90	24.25	Cluster4
1.35	24.45	Cluster4
1.35	23.90	Cluster4
1.25	23.35	Cluster4
1.75	23.05	Cluster4
2.00	23.60	Cluster4
2.50	24.00	Cluster4
1.70	22.05	Cluster4
2.40	23.05	Cluster4
3.05	23.45	Cluster4
3.70	23.45	Cluster4
3.45	22.90	Cluster4
2.95	22.50	Cluster4
2.40	22.40	Cluster4
2.40	21.25	Cluster4
2.85	21.75	Cluster4
3.25	22.05	Cluster4
3.95	22.60	Cluster4
2.70	20.80	Cluster4
3.45	21.05	Cluster4
3.80	21.55	Cluster4
4.00	22.10	Cluster4
4.45	22.90	Cluster4
4.65	22.15	Cluster4
4.85	21.45	Cluster4
4.30	21.05	Cluster4
3.35	20.30	Cluster4
3.70	19.30	Cluster4
4.40	19.95	Cluster4
4.25	20.40	Cluster4
4.80	20.65	Cluster4
5.25	21.25	Cluster4
5.75	21.55	Cluster4
5.30	22.25	Cluster4
6.05	22.55	Cluster4
6.50	21.90	Cluster4
6.05	21.20	Cluster4
5.60	20.80	Cluster4
5.45	20.15	Cluster4
5.05	19.55	Cluster4
4.55	19.05	Cluster4
4.95	18.45	Cluster4
5.85	17.80	Cluster4
5.60	18.30	Cluster4
5.65	19.00	Cluster4
5.95	19.80	Cluster4
6.25	19.40	Cluster4
6.10	20.45	Cluster4
6.60	20.65	Cluster4
6.65	21.30	Cluster4
7.30	21.35	Cluster4
7.85	21.30	Cluster4
7.15	20.80	Cluster4
7.60	20.70	Cluster4
6.70	20.25	Cluster4
7.30	20.25	Cluster4
6.70	19.80	Cluster4
7.30	19.65	Cluster4
6.75	19.30	Cluster4
7.40	19.20	Cluster4
6.55	18.75	Cluster4
7.35	18.80	Cluster4
6.80	17.95	Cluster4
7.45	18.10	Cluster4
6.85	17.45	Cluster4
7.60	17.60	Cluster4
8.55	17.65	Cluster4
8.20	18.50	Cluster4
7.90	19.10	Cluster4
8.05	19.50	Cluster4
7.80	20.00	Cluster4
8.00	20.45	Cluster4
8.40	21.10	Cluster4
8.65	20.75	Cluster4
8.90	20.10	Cluster4
8.40	20.10	Cluster4
8.65	19.65	Cluster4
8.45	19.05	Cluster4
8.85	18.35	Cluster4
9.60	18.30	Cluster4
9.15	19.00	Cluster4
10.20	19.00	Cluster4
9.50	19.65	Cluster4
10.75	19.60	Cluster4
10.45	20.20	Cluster4
9.85	20.10	Cluster4
9.40	20.60	Cluster4
10.15	20.70	Cluster4
9.85	21.15	Cluster4
9.05	21.25	Cluster4
9.30	21.70	Cluster4
9.15	22.15	Cluster4
8.50	21.80	Cluster4
11.65	20.45	Cluster4
11.10	20.65	Cluster4
10.40	21.25	Cluster4
10.00	21.95	Cluster4
11.95	21.25	Cluster4
11.25	21.40	Cluster4
10.60	21.90	Cluster4
11.15	22.00	Cluster4
11.90	21.85	Cluster4
12.60	21.90	Cluster4
11.80	22.45	Cluster4
11.05	22.45	Cluster4
10.30	22.40	Cluster4
9.90	22.75	Cluster4
10.45	23.00	Cluster4
13.05	22.90	Cluster4
12.50	22.75	Cluster4
11.90	23.05	Cluster4
11.20	23.25	Cluster4
10.85	23.85	Cluster4
11.40	24.25	Cluster4
11.70	23.60	Cluster4
12.30	23.45	Cluster4
12.95	23.55	Cluster4
12.55	23.95	Cluster4
12.05	24.25	Cluster4
11.75	25.10	Cluster4
12.25	24.85	Cluster4
12.80	24.50	Cluster4
13.55	24.00	Cluster4
13.60	24.60	Cluster4
12.95	25.00	Cluster4
12.50	25.25	Cluster4
12.20	25.85	Cluster4
12.70	26.35	Cluster4
13.00	25.70	Cluster4
13.55	25.20	Cluster4
14.05	25.25	Cluster4
14.20	26.05	Cluster4
14.10	26.60	Cluster4
13.50	25.80	Cluster4
13.35	26.50	Cluster4
13.30	27.00	Cluster4
7.30	22.15	Cluster4
7.95	22.35	Cluster4
7.70	23.05	Cluster4
6.75	22.90	Cluster4
5.25	23.35	Cluster4
6.15	23.70	Cluster4
7.00	23.70	Cluster4
7.60	24.20	Cluster4
8.55	23.60	Cluster4
9.35	23.50	Cluster4
8.30	24.45	Cluster4
7.90	24.60	Cluster4
7.15	24.75	Cluster4
6.70	24.30	Cluster4
5.20	24.10	Cluster4
6.20	24.95	Cluster4
6.75	25.40	Cluster4
6.15	25.50	Cluster4
5.65	25.20	Cluster4
4.65	25.55	Cluster4
4.10	26.45	Cluster4
5.35	25.80	Cluster4
7.40	25.60	Cluster4
7.75	25.10	Cluster4
8.50	25.30	Cluster4
9.30	25.00	Cluster4
9.70	25.95	Cluster4
8.80	25.95	Cluster4
8.05	25.90	Cluster4
7.60	26.15	Cluster4
6.85	26.00	Cluster4
6.20	26.25	Cluster4
5.70	26.40	Cluster4
5.10	26.55	Cluster4
4.55	27.15	Cluster4
5.50	27.00	Cluster4
6.10	27.05	Cluster4
6.50	26.60	Cluster4
6.75	26.95	Cluster4
7.30	26.75	Cluster4
8.30	26.40	Cluster4
8.90	26.70	Cluster4
9.55	26.65	Cluster4
10.35	27.10	Cluster4
7.95	27.05	Cluster4
3.95	27.40	Cluster4
3.75	28.25	Cluster4
3.90	28.95	Cluster4
4.55	29.65	Cluster4
5.25	29.75	Cluster4
6.50	30.60	Cluster4
7.45	30.60	Cluster4
8.35	30.35	Cluster4
9.25	30.20	Cluster4
9.95	29.50	Cluster4
10.55	28.60	Cluster4
9.90	27.95	Cluster4
9.20	27.50	Cluster4
8.55	27.20	Cluster4
8.80	27.80	Cluster4
9.20	28.35	Cluster4
9.55	29.05	Cluster4
9.05	29.60	Cluster4
8.80	28.80	Cluster4
8.15	29.35	Cluster4
8.05	28.80	Cluster4
8.35	28.20	Cluster4
7.90	28.30	Cluster4
8.05	27.70	Cluster4
7.30	27.40	Cluster4
7.55	27.85	Cluster4
6.85	27.45	Cluster4
6.25	27.65	Cluster4
5.55	27.50	Cluster4
4.65	28.10	Cluster4
5.00	28.55	Cluster4
5.55	29.10	Cluster4
5.55	28.25	Cluster4
6.20	28.20	Cluster4
6.80	28.05	Cluster4
7.40	28.25	Cluster4
6.65	28.45	Cluster4
6.15	28.80	Cluster4
6.50	29.10	Cluster4
6.60	29.60	Cluster4
7.70	29.65	Cluster4
7.50	29.20	Cluster4
7.50	28.65	Cluster4
7.05	28.85	Cluster4
6.90	30.15	Cluster4
6.15	29.90	Cluster4
32.55	28.65	Cluster9
31.90	27.55	Cluster9
31.45	28.35	Cluster9
31.15	28.80	Cluster9
30.75	28.05	Cluster9
30.35	28.45	Cluster9
30.00	29.15	Cluster9
30.45	27.50	Cluster9
30.60	26.50	Cluster9
29.80	27.35	Cluster9
29.40	27.85	Cluster9
29.30	28.40	Cluster9
29.20	28.65	Cluster9
30.40	25.10	Cluster9
29.95	25.95	Cluster9
29.90	26.50	Cluster9
28.85	27.00	Cluster9
28.35	28.00	Cluster9
28.15	28.70	Cluster9
28.25	27.40	Cluster9
27.75	27.70	Cluster9
27.50	28.35	Cluster9
26.65	28.45	Cluster9
27.25	27.25	Cluster9
27.75	26.55	Cluster9
28.70	26.35	Cluster9
28.60	25.90	Cluster9
28.90	25.05	Cluster9
29.60	24.05	Cluster9
28.90	24.50	Cluster9
28.10	25.20	Cluster9
27.55	25.15	Cluster9
27.05	25.95	Cluster9
26.35	26.60	Cluster9
26.30	27.25	Cluster9
26.20	27.80	Cluster9
24.50	28.25	Cluster9
25.55	27.45	Cluster9
25.50	27.05	Cluster9
25.05	27.20	Cluster9
24.85	26.80	Cluster9
24.30	27.40	Cluster9
23.80	26.85	Cluster9
24.00	26.50	Cluster9
24.55	26.30	Cluster9
25.55	26.30	Cluster9
26.00	25.85	Cluster9
25.60	25.65	Cluster9
26.40	25.55	Cluster9
25.45	25.05	Cluster9
25.85	24.60	Cluster9
26.65	24.70	Cluster9
27.55	24.35	Cluster9
28.05	23.90	Cluster9
27.55	23.55	Cluster9
26.45	23.35	Cluster9
26.20	23.90	Cluster9
25.35	23.90	Cluster9
24.35	24.75	Cluster9
24.40	25.45	Cluster9
23.60	25.75	Cluster9
23.10	26.00	Cluster9
22.80	26.95	Cluster9
22.65	25.80	Cluster9
22.30	26.10	Cluster9
23.40	25.40	Cluster9
22.40	25.25	Cluster9
22.35	24.70	Cluster9
21.80	25.05	Cluster9
21.20	25.55	Cluster9
23.40	24.80	Cluster9
23.55	24.30	Cluster9
24.40	24.25	Cluster9
22.45	24.20	Cluster9
21.30	24.00	Cluster9
21.00	24.25	Cluster9
20.35	23.30	Cluster9
21.85	23.05	Cluster9
21.30	22.75	Cluster9
22.85	23.40	Cluster9
22.90	23.55	Cluster9
24.55	23.70	Cluster9
23.85	23.25	Cluster9
24.65	23.10	Cluster9
23.95	22.55	Cluster9
23.10	22.60	Cluster9
22.50	22.60	Cluster9
21.70	22.10	Cluster9
20.80	21.85	Cluster9
21.65	21.20	Cluster9
21.15	20.35	Cluster9
22.30	20.40	Cluster9
22.60	20.75	Cluster9
22.80	21.95	Cluster9
23.40	21.95	Cluster9
23.55	21.15	Cluster9
24.45	21.95	Cluster9
24.40	21.55	Cluster9
24.75	21.20	Cluster9
24.65	20.65	Cluster9
23.95	19.80	Cluster9
23.60	20.10	Cluster9
23.05	20.20	Cluster9
22.40	19.65	Cluster9
22.35	19.05	Cluster9
22.80	18.25	Cluster9
23.30	19.10	Cluster9
24.00	18.90	Cluster9
24.15	17.90	Cluster9
24.35	18.20	Cluster9
25.20	20.05	Cluster9
25.30	19.45	Cluster9
25.30	18.50	Cluster9
25.75	18.80	Cluster9
26.05	18.20	Cluster9
26.35	17.70	Cluster9
25.90	17.65	Cluster9
25.45	17.20	Cluster9
27.05	17.20	Cluster9
27.40	16.75	Cluster9
25.60	20.90	Cluster9
25.65	21.30	Cluster9
25.65	21.90	Cluster9
25.65	22.50	Cluster9
25.95	22.80	Cluster9
26.95	22.65	Cluster9
25.95	22.20	Cluster9
26.65	21.90	Cluster9
27.55	22.30	Cluster9
27.90	22.85	Cluster9
28.35	23.45	Cluster9
29.05	23.40	Cluster9
29.30	22.75	Cluster9
28.70	22.15	Cluster9
28.15	22.05	Cluster9
27.85	21.50	Cluster9
27.85	21.05	Cluster9
26.60	21.30	Cluster9
26.85	20.70	Cluster9
26.35	20.60	Cluster9
26.25	19.65	Cluster9
26.95	19.80	Cluster9
27.70	20.35	Cluster9
28.30	20.70	Cluster9
29.35	21.60	Cluster9
30.10	21.30	Cluster9
29.85	20.75	Cluster9
29.00	20.00	Cluster9
28.00	19.85	Cluster9
27.35	19.00	Cluster9
26.90	18.65	Cluster9
27.60	18.15	Cluster9
28.40	18.30	Cluster9
28.40	19.25	Cluster9
29.35	18.80	Cluster9
29.80	19.75	Cluster9
29.15	18.10	Cluster9
28.05	17.50	Cluster9
28.95	17.25	Cluster9
29.25	17.50	Cluster9
30.05	17.40	Cluster9
30.75	18.15	Cluster9
30.50	18.65	Cluster9
30.65	19.25	Cluster9
31.00	19.90	Cluster9
32.20	18.20	Cluster9
32.50	17.15	Cluster9
30.90	17.10	Cluster9
30.75	16.60	Cluster9
29.15	16.40	Cluster9
24.80	13.70	Cluster10
25.85	13.35	Cluster10
26.00	12.70	Cluster10
26.70	12.10	Cluster10
25.05	12.90	Cluster10
24.70	13.25	Cluster10
23.80	13.20	Cluster10
23.60	13.45	Cluster10
23.20	12.55	Cluster10
22.40	12.85	Cluster10
22.70	12.25	Cluster10
22.20	11.90	Cluster10
22.15	11.35	Cluster10
22.85	11.20	Cluster10
23.10	11.75	Cluster10
24.00	12.35	Cluster10
24.05	12.45	Cluster10
24.90	12.50	Cluster10
25.55	12.10	Cluster10
24.85	11.85	Cluster10
24.10	11.95	Cluster10
23.90	11.50	Cluster10
23.85	10.90	Cluster10
23.40	10.70	Cluster10
22.90	10.30	Cluster10
23.40	10.25	Cluster10
24.05	10.05	Cluster10
24.35	10.50	Cluster10
24.65	11.10	Cluster10
25.10	11.20	Cluster10
25.80	11.40	Cluster10
25.30	10.55	Cluster10
26.00	10.90	Cluster10
26.35	10.50	Cluster10
27.15	11.00	Cluster10
27.40	10.55	Cluster10
27.90	10.00	Cluster10
28.55	10.20	Cluster10
28.75	10.85	Cluster10
27.10	8.65	Cluster10
28.05	9.10	Cluster10
28.85	9.80	Cluster10
29.85	10.65	Cluster10
29.90	11.70	Cluster10
30.60	11.10	Cluster10
31.05	11.75	Cluster10
31.50	11.80	Cluster10
31.30	12.45	Cluster10
34.00	12.90	Cluster10
32.80	12.60	Cluster10
32.85	12.00	Cluster10
33.70	12.20	Cluster10
33.25	11.70	Cluster10
32.55	11.15	Cluster10
31.80	11.35	Cluster10
31.45	10.75	Cluster10
30.75	10.45	Cluster10
29.80	10.10	Cluster10
30.15	9.80	Cluster10
29.45	9.30	Cluster10
28.80	8.95	Cluster10
28.10	8.45	Cluster10
27.35	7.70	Cluster10
27.10	6.75	Cluster10
28.30	7.95	Cluster10
29.35	8.45	Cluster10
30.10	8.95	Cluster10
30.20	9.35	Cluster10
31.10	10.05	Cluster10
28.50	7.50	Cluster10
28.35	6.90	Cluster10
28.95	6.75	Cluster10
29.40	7.10	Cluster10
29.25	7.60	Cluster10
29.95	7.60	Cluster10
30.45	7.95	Cluster10
30.35	8.25	Cluster10
30.75	9.00	Cluster10
31.30	9.30	Cluster10
31.85	9.55	Cluster10
32.10	10.25	Cluster10
32.45	10.55	Cluster10
33.35	10.85	Cluster10
33.75	11.50	Cluster10
33.25	10.20	Cluster10
32.40	10.10	Cluster10
32.45	9.70	Cluster10
32.15	9.30	Cluster10
32.25	8.65	Cluster10
32.55	8.20	Cluster10
31.25	8.70	Cluster10
31.25	8.25	Cluster10
32.05	7.80	Cluster10
31.30	7.50	Cluster10
30.55	7.45	Cluster10
31.30	6.95	Cluster10
30.95	6.70	Cluster10
30.05	6.95	Cluster10
30.05	6.20	Cluster10
28.55	6.30	Cluster10
27.80	5.85	Cluster10
27.60	5.05	Cluster10
28.35	5.55	Cluster10
29.15	5.40	Cluster10
29.40	5.80	Cluster10
29.80	5.70	Cluster10
30.65	5.90	Cluster10
30.90	5.30	Cluster10
30.10	5.10	Cluster10
29.55	4.90	Cluster10
28.50	4.75	Cluster10
28.35	4.05	Cluster10
29.40	4.35	Cluster10
28.75	3.45	Cluster10
29.65	3.70	Cluster10
30.40	4.35	Cluster10
30.90	4.95	Cluster10
29.75	3.00	Cluster10
30.55	3.15	Cluster10
30.70	3.65	Cluster10
31.10	4.10	Cluster10
31.65	5.05	Cluster10
31.35	5.75	Cluster10
31.50	6.55	Cluster10
32.15	7.10	Cluster10
30.60	2.55	Cluster10
31.45	2.40	Cluster10
31.60	3.05	Cluster10
32.00	3.40	Cluster10
32.25	3.50	Cluster10
31.70	4.10	Cluster10
31.70	4.50	Cluster10
32.25	2.70	Cluster10
32.65	2.05	Cluster10
32.95	2.80	Cluster10
33.10	3.55	Cluster10
32.90	4.00	Cluster10
32.60	4.75	Cluster10
32.55	5.05	Cluster10
32.35	5.50	Cluster10
32.15	5.95	Cluster10
32.50	6.75	Cluster10
32.70	6.35	Cluster10
33.20	5.90	Cluster10
33.35	5.35	Cluster10
33.20	4.55	Cluster10
33.55	4.20	Cluster10
33.95	4.75	Cluster10
34.05	5.10	Cluster10
34.30	4.80	Cluster10
34.30	4.15	Cluster10
34.60	4.30	Cluster10
34.05	3.70	Cluster10
34.25	3.05	Cluster10
33.65	2.80	Cluster10
33.55	2.15	Cluster10
34.20	2.05	Cluster10
35.15	1.95	Cluster10
35.05	2.45	Cluster10
35.15	3.05	Cluster10
35.60	3.45	Cluster10
35.40	3.60	Cluster10
35.85	3.20	Cluster10
36.10	2.65	Cluster10
36.45	2.65	Cluster10
36.00	2.10	Cluster10
36.90	2.05	Cluster10
37.45	2.80	Cluster10
36.80	3.25	Cluster10
36.45	3.90	Cluster10
35.65	4.20	Cluster10
35.40	4.60	Cluster10
35.65	4.75	Cluster10
35.75	5.15	Cluster10
36.10	4.55	Cluster10
34.90	5.40	Cluster10
34.65	5.70	Cluster10
34.05	6.05	Cluster10
34.40	6.50	Cluster10
33.60	6.85	Cluster10
32.70	7.15	Cluster10
32.75	7.75	Cluster10
33.60	7.95	Cluster10
37.40	3.40	Cluster10
37.70	3.45	Cluster10
38.15	2.85	Cluster10
38.75	2.65	Cluster10
39.00	3.25	Cluster10
39.20	3.50	Cluster10
38.45	3.75	Cluster10
38.10	4.05	Cluster10
37.15	4.30	Cluster10
37.80	4.70	Cluster10
37.70	5.15	Cluster10
36.75	5.05	Cluster10
36.85	5.50	Cluster10
37.40	5.65	Cluster10
37.55	5.75	Cluster10
35.70	5.75	Cluster10
36.25	5.95	Cluster10
35.40	6.00	Cluster10
35.45	6.60	Cluster10
34.65	7.05	Cluster10
33.70	7.40	Cluster10
35.65	7.30	Cluster10
35.05	7.35	Cluster10
34.85	7.75	Cluster10
34.50	8.25	Cluster10
34.15	8.60	Cluster10
34.05	9.00	Cluster10
33.40	8.70	Cluster10
33.05	8.95	Cluster10
33.05	9.60	Cluster10
33.50	9.75	Cluster10
34.25	9.60	Cluster10
34.60	9.90	Cluster10
34.80	9.30	Cluster10
35.00	8.55	Cluster10
35.80	8.10	Cluster10
35.80	8.35	Cluster10
36.40	7.60	Cluster10
36.25	6.60	Cluster10
37.05	6.95	Cluster10
36.80	7.50	Cluster10
37.05	6.35	Cluster10
38.15	5.70	Cluster10
38.65	4.85	Cluster10
39.15	4.35	Cluster10
40.05	3.35	Cluster10
40.05	3.80	Cluster10
40.15	4.40	Cluster10
39.50	4.75	Cluster10
39.15	5.20	Cluster10
41.15	4.55	Cluster10
40.50	5.05	Cluster10
40.10	5.30	Cluster10
40.00	5.75	Cluster10
39.20	5.75	Cluster10
38.85	6.20	Cluster10
37.75	6.55	Cluster10
38.00	7.15	Cluster10
37.75	7.65	Cluster10
37.00	8.20	Cluster10
36.50	8.65	Cluster10
35.85	9.05	Cluster10
35.75	9.55	Cluster10
35.60	10.00	Cluster10
33.95	10.35	Cluster10
34.35	10.85	Cluster10
35.00	10.65	Cluster10
35.50	10.55	Cluster10
35.10	11.10	Cluster10
34.55	11.30	Cluster10
34.95	11.90	Cluster10
35.30	12.00	Cluster10
35.00	12.50	Cluster10
36.00	11.65	Cluster10
36.50	11.05	Cluster10
36.45	10.55	Cluster10
36.40	9.65	Cluster10
37.10	9.40	Cluster10
37.05	9.95	Cluster10
37.05	10.20	Cluster10
36.35	12.20	Cluster10
36.20	12.25	Cluster10
37.05	11.60	Cluster10
37.60	11.15	Cluster10
37.70	10.65	Cluster10
38.30	11.65	Cluster10
38.80	11.15	Cluster10
38.85	10.70	Cluster10
38.65	10.05	Cluster10
37.95	10.20	Cluster10
37.90	9.70	Cluster10
38.65	9.45	Cluster10
38.20	9.25	Cluster10
37.75	8.75	Cluster10
37.55	8.75	Cluster10
38.10	8.00	Cluster10
38.65	8.65	Cluster10
38.75	8.20	Cluster10
38.95	7.55	Cluster10
39.00	6.75	Cluster10
39.80	6.45	Cluster10
39.65	6.65	Cluster10
39.75	7.05	Cluster10
40.00	7.35	Cluster10
39.55	7.90	Cluster10
39.20	8.70	Cluster10
39.90	8.45	Cluster10
39.35	9.20	Cluster10
39.75	9.35	Cluster10
39.40	10.05	Cluster10
40.05	10.90	Cluster10
40.30	9.85	Cluster10
40.95	9.80	Cluster10
40.65	9.10	Cluster10
40.70	8.85	Cluster10
41.25	8.25	Cluster10
41.85	7.95	Cluster10
40.50	7.85	Cluster10
40.85	7.35	Cluster10
40.95	6.90	Cluster10
40.65	6.50	Cluster10
40.60	5.70	Cluster10
41.30	5.65	Cluster10
41.80	6.40	Cluster10
51.05	3.50	Cluster11
50.05	3.85	Cluster11
49.00	3.80	Cluster11
48.90	4.40	Cluster11
48.05	4.75	Cluster11
47.40	5.65	Cluster11
47.75	6.10	Cluster11
47.00	6.70	Cluster11
47.10	7.40	Cluster11
46.50	8.15	Cluster11
47.75	8.00	Cluster11
47.85	7.35	Cluster11
48.50	6.75	Cluster11
48.75	5.95	Cluster11
49.35	6.45	Cluster11
49.80	6.00	Cluster11
49.05	5.10	Cluster11
49.80	4.80	Cluster11
49.65	4.40	Cluster11
50.65	4.60	Cluster11
50.05	5.15	Cluster11
50.60	5.45	Cluster11
51.50	5.05	Cluster11
51.90	4.65	Cluster11
52.45	4.10	Cluster11
51.60	4.05	Cluster11
51.20	4.20	Cluster11
53.30	5.20	Cluster11
52.55	5.35	Cluster11
52.95	6.05	Cluster11
51.80	5.85	Cluster11
50.70	6.15	Cluster11
50.95	6.60	Cluster11
50.70	7.05	Cluster11
49.75	7.10	Cluster11
49.30	7.65	Cluster11
50.00	7.90	Cluster11
48.95	8.15	Cluster11
48.15	8.65	Cluster11
47.35	8.85	Cluster11
46.85	9.00	Cluster11
47.70	9.15	Cluster11
46.70	9.90	Cluster11
47.45	9.95	Cluster11
47.95	9.85	Cluster11
48.80	9.45	Cluster11
49.45	8.80	Cluster11
50.55	8.60	Cluster11
51.35	7.70	Cluster11
51.70	8.00	Cluster11
51.60	7.25	Cluster11
52.00	6.80	Cluster11
52.50	7.35	Cluster11
53.10	7.50	Cluster11
53.55	7.00	Cluster11
53.00	8.20	Cluster11
52.35	8.05	Cluster11
53.55	8.65	Cluster11
53.40	9.10	Cluster11
52.50	9.10	Cluster11
51.55	8.85	Cluster11
52.25	9.40	Cluster11
51.40	9.50	Cluster11
50.50	9.30	Cluster11
50.85	9.80	Cluster11
49.50	9.65	Cluster11
49.30	10.25	Cluster11
50.30	10.30	Cluster11
48.60	10.50	Cluster11
47.60	10.50	Cluster11
47.40	11.10	Cluster11
47.90	11.45	Cluster11
47.70	11.65	Cluster11
47.40	12.05	Cluster11
48.20	12.00	Cluster11
48.95	11.35	Cluster11
48.65	11.05	Cluster11
49.95	11.15	Cluster11
49.65	11.70	Cluster11
49.25	12.25	Cluster11
49.05	12.25	Cluster11
48.30	12.70	Cluster11
48.95	12.95	Cluster11
49.75	13.10	Cluster11
50.15	13.20	Cluster11
50.10	12.75	Cluster11
50.15	12.10	Cluster11
51.30	11.75	Cluster11
51.00	10.85	Cluster11
51.65	11.00	Cluster11
51.80	10.10	Cluster11
52.65	9.85	Cluster11
53.35	10.00	Cluster11
52.55	10.75	Cluster11
52.80	11.55	Cluster11
52.20	11.75	Cluster11
51.70	11.75	Cluster11
51.95	12.75	Cluster11
51.05	12.55	Cluster11
51.05	13.05	Cluster11
50.25	13.70	Cluster11
50.20	14.15	Cluster11
50.25	14.70	Cluster11
50.00	15.15	Cluster11
49.95	15.65	Cluster11
49.60	16.15	Cluster11
49.45	16.75	Cluster11
49.65	17.05	Cluster11
49.75	17.30	Cluster11
48.75	17.20	Cluster11
48.70	17.65	Cluster11
48.00	17.50	Cluster11
48.15	17.90	Cluster11
47.45	18.05	Cluster11
47.05	18.80	Cluster11
47.55	18.80	Cluster11
47.50	19.30	Cluster11
47.25	19.40	Cluster11
46.60	19.85	Cluster11
46.15	20.55	Cluster11
47.25	20.45	Cluster11
47.70	20.05	Cluster11
48.00	19.90	Cluster11
48.55	19.65	Cluster11
48.50	18.55	Cluster11
49.05	18.60	Cluster11
48.95	19.10	Cluster11
49.60	18.35	Cluster11
49.85	17.95	Cluster11
50.45	17.45	Cluster11
50.70	17.00	Cluster11
51.25	17.35	Cluster11
51.30	18.05	Cluster11
50.85	18.40	Cluster11
50.05	18.85	Cluster11
50.25	18.95	Cluster11
49.80	19.15	Cluster11
49.30	19.85	Cluster11
49.80	20.00	Cluster11
48.75	20.25	Cluster11
48.75	20.75	Cluster11
49.10	21.15	Cluster11
48.55	21.60	Cluster11
47.65	21.30	Cluster11
46.95	21.60	Cluster11
46.50	21.60	Cluster11
47.35	22.05	Cluster11
48.05	22.00	Cluster11
48.55	22.20	Cluster11
47.95	22.65	Cluster11
47.30	23.10	Cluster11
46.60	23.15	Cluster11
46.35	22.55	Cluster11
46.20	23.85	Cluster11
47.75	24.00	Cluster11
47.95	24.15	Cluster11
48.45	23.70	Cluster11
48.95	23.15	Cluster11
49.55	22.05	Cluster11
49.60	22.55	Cluster11
50.25	22.25	Cluster11
50.65	21.90	Cluster11
50.50	21.30	Cluster11
50.10	20.75	Cluster11
50.80	20.40	Cluster11
50.85	20.00	Cluster11
51.15	19.30	Cluster11
51.85	18.85	Cluster11
52.30	18.55	Cluster11
52.40	19.35	Cluster11
51.55	19.75	Cluster11
52.05	20.00	Cluster11
52.95	19.85	Cluster11
53.35	20.60	Cluster11
52.50	20.55	Cluster11
51.45	20.65	Cluster11
51.40	21.25	Cluster11
52.00	21.05	Cluster11
52.75	21.30	Cluster11
52.05	21.50	Cluster11
51.60	22.05	Cluster11
51.20	21.75	Cluster11
53.25	21.95	Cluster11
52.70	22.30	Cluster11
52.50	22.90	Cluster11
52.85	23.25	Cluster11
53.30	23.80	Cluster11
52.45	24.10	Cluster11
51.90	23.50	Cluster11
51.20	22.90	Cluster11
50.85	23.30	Cluster11
50.25	23.35	Cluster11
49.45	23.70	Cluster11
50.60	23.90	Cluster11
51.25	23.95	Cluster11
51.25	24.10	Cluster11
52.40	24.70	Cluster11
52.15	25.30	Cluster11
51.40	24.90	Cluster11
50.70	24.85	Cluster11
49.25	24.45	Cluster11
49.50	24.70	Cluster11
48.45	24.45	Cluster11
48.55	25.20	Cluster11
48.05	25.00	Cluster11
47.25	24.30	Cluster11
46.80	24.80	Cluster11
46.60	25.50	Cluster11
46.70	26.05	Cluster11
47.50	25.50	Cluster11
47.65	26.00	Cluster11
48.25	26.05	Cluster11
48.45	26.95	Cluster11
47.75	26.90	Cluster11
47.65	27.15	Cluster11
48.25	27.85	Cluster11
48.85	27.75	Cluster11
49.70	28.20	Cluster11
50.25	27.55	Cluster11
49.40	27.10	Cluster11
49.15	26.65	Cluster11
49.35	25.95	Cluster11
49.95	25.50	Cluster11
50.85	26.05	Cluster11
50.05	26.50	Cluster11
50.65	27.00	Cluster11
51.10	27.35	Cluster11
51.20	27.95	Cluster11
51.65	26.85	Cluster11
52.25	26.00	Cluster11
52.70	26.15	Cluster11
51.40	25.60	Cluster11
38.30	20.80	Cluster12
37.15	20.90	Cluster12
36.20	21.35	Cluster12
36.10	21.85	Cluster12
35.45	22.80	Cluster12
35.75	22.95	Cluster12
36.40	23.00	Cluster12
36.55	22.25	Cluster12
36.80	21.85	Cluster12
37.50	21.85	Cluster12
38.45	21.45	Cluster12
38.70	21.90	Cluster12
38.40	22.30	Cluster12
38.00	22.60	Cluster12
38.15	22.95	Cluster12
37.50	22.85	Cluster12
36.75	23.65	Cluster12
36.20	23.70	Cluster12
35.45	24.35	Cluster12
37.65	23.85	Cluster12
37.65	24.30	Cluster12
36.70	24.60	Cluster12
37.15	25.05	Cluster12
39.15	25.10	Cluster12
38.60	24.65	Cluster12
38.70	23.80	Cluster12
38.90	23.65	Cluster12
39.55	23.50	Cluster12
39.55	24.30	Cluster12
40.30	24.45	Cluster12
41.25	24.35	Cluster12
40.80	25.25	Cluster12
40.40	23.80	Cluster12
39.90	23.20	Cluster12
39.30	22.80	Cluster12
39.20	22.40	Cluster12
40.10	21.70	Cluster12
39.85	21.90	Cluster12
39.65	21.10	Cluster12
40.15	22.60	Cluster12
41.10	21.90	Cluster12
41.70	22.20	Cluster12
41.30	22.60	Cluster12
41.15	23.30	Cluster12
40.90	23.45	Cluster12
22.20	2.15	Cluster13
23.35	1.95	Cluster13
23.75	2.30	Cluster13
22.90	2.40	Cluster13
22.40	2.70	Cluster13
21.85	2.90	Cluster13
21.85	3.35	Cluster13
22.15	3.45	Cluster13
22.70	3.45	Cluster13
23.20	3.00	Cluster13
23.20	3.20	Cluster13
24.65	2.15	Cluster13
24.20	2.75	Cluster13
23.75	3.20	Cluster13
23.75	3.55	Cluster13
23.65	3.80	Cluster13
22.80	4.00	Cluster13
21.95	4.05	Cluster13
22.10	4.35	Cluster13
22.70	4.45	Cluster13
22.45	4.85	Cluster13
23.70	4.80	Cluster13
23.55	5.05	Cluster13
24.20	4.90	Cluster13
23.20	4.25	Cluster13
24.10	4.30	Cluster13
24.85	4.50	Cluster13
24.60	4.15	Cluster13
24.25	3.55	Cluster13
24.80	3.35	Cluster13
25.05	2.75	Cluster13
25.50	3.25	Cluster13
25.10	3.55	Cluster13
25.15	4.00	Cluster13
